team,status,kind,repo,number,title,state,assignees,labels,updated_at,closed_at,parent,url
Calibration,Done,Issue,casangi/RADPS-roadmap,155,Complete draft for review by team,CLOSED,,,2026-07-22T15:09:25Z,2026-07-22T15:09:25Z,casangi/RADPS-roadmap#3,https://github.com/casangi/RADPS-roadmap/issues/155
Calibration,Done,Issue,casangi/RADPS-roadmap,156,Team reviews and comments on draft,CLOSED,,,2026-07-28T15:12:49Z,2026-07-28T15:12:49Z,casangi/RADPS-roadmap#3,https://github.com/casangi/RADPS-roadmap/issues/156
Calibration,Done,Issue,casangi/RADPS-roadmap,157,Document revised based on comments by team,CLOSED,gmoellen,,2026-08-14T15:06:14Z,2026-08-14T15:06:14Z,casangi/RADPS-roadmap#3,https://github.com/casangi/RADPS-roadmap/issues/157
Calibration,Done,Issue,casangi/RADPS-roadmap,158,Document reviewed by RADPS management,CLOSED,aakepley,,2026-09-03T15:05:38Z,2026-09-03T15:05:37Z,casangi/RADPS-roadmap#3,https://github.com/casangi/RADPS-roadmap/issues/158
Calibration,Done,Issue,casangi/RADPS-roadmap,159,Final revisions to document based on feedback from RADPS management,CLOSED,gmoellen,,2026-09-09T15:11:07Z,2026-09-09T15:11:07Z,casangi/RADPS-roadmap#3,https://github.com/casangi/RADPS-roadmap/issues/159
Calibration,Done,Issue,casangi/RADPS-roadmap,162,Calibration Team Review of AstroVIPER Pull Request 237,CLOSED,,,2026-07-28T15:20:31Z,2026-07-28T15:20:31Z,,https://github.com/casangi/RADPS-roadmap/issues/162
Calibration,Done,Issue,casangi/RADPS-roadmap,163,Discussion at RADPS meeting,CLOSED,gmoellen,,2026-08-12T22:06:11Z,2026-08-12T22:06:11Z,casangi/RADPS-roadmap#3,https://github.com/casangi/RADPS-roadmap/issues/163
Calibration,Done,Issue,casangi/RADPS-roadmap,164,Epic: Astrohack PI-26.3 placeholder,CLOSED,vsmagalhaes,,2026-09-28T16:57:35Z,2026-09-28T16:57:35Z,,https://github.com/casangi/RADPS-roadmap/issues/164
Calibration,Done,Issue,casangi/RADPS-roadmap,3,Epic: Domain Framework Documentation,CLOSED,gmoellen,Calibration,2026-09-10T21:53:38Z,2026-09-10T21:53:38Z,,https://github.com/casangi/RADPS-roadmap/issues/3
Calibration,In progress,Issue,casangi/RADPS-roadmap,4,Epic: Calibration dataset specifications,OPEN,Jan-Willem vsmagalhaes gmoellen dessmalljive,Calibration; Data Schemas,2026-07-08T14:52:28Z,,,https://github.com/casangi/RADPS-roadmap/issues/4
External,In progress,Issue,casangi/RADPS-roadmap,33,Epic: Xradio images in CARTA,OPEN,,Visualization,2026-06-24T19:58:32Z,,,https://github.com/casangi/RADPS-roadmap/issues/33
Imaging,Backlog,Issue,casangi/astroviper,263,port Zernike polynominal fitting code from astrohack,OPEN,,,2026-08-10T20:47:37Z,,casangi/RADPS-roadmap#10,https://github.com/casangi/astroviper/issues/263
Imaging,Backlog,Issue,casangi/xradio,600,Data Schema for Representing Primary Beams,OPEN,,Schema,2026-09-10T16:35:57Z,,casangi/RADPS-roadmap#10,https://github.com/casangi/xradio/issues/600
Imaging,Backlog,Issue,casangi/xradio,601,Define Convolution Function Cache Data Schema,OPEN,,,2026-08-10T20:42:12Z,,casangi/RADPS-roadmap#10,https://github.com/casangi/xradio/issues/601
Imaging,Done,Issue,casangi/RADPS,86,test drive of k3 infrastructure,CLOSED,Jan-Willem,,2026-09-07T14:58:08Z,2026-09-07T14:58:08Z,casangi/RADPS-roadmap#37,https://github.com/casangi/RADPS/issues/86
Imaging,Done,Issue,casangi/RADPS,87,Single Field Cube Small Dataset Frontera,CLOSED,Jan-Willem,,2026-08-19T09:19:27Z,2026-08-19T09:19:27Z,casangi/RADPS-roadmap#120,https://github.com/casangi/RADPS/issues/87
Imaging,Done,Issue,casangi/RADPS,88,Single Field Cube Medium Benchmark Frontera,CLOSED,Jan-Willem,,2026-07-30T15:50:40Z,2026-07-30T15:49:54Z,casangi/RADPS-roadmap#120,https://github.com/casangi/RADPS/issues/88
Imaging,Done,Issue,casangi/RADPS,89,Single Field Cube Large Dataset Benchmark Frontera,CLOSED,Jan-Willem,,2026-08-04T13:37:20Z,2026-08-04T13:37:20Z,casangi/RADPS-roadmap#120,https://github.com/casangi/RADPS/issues/89
Imaging,Done,Issue,casangi/RADPS,90,Single Field Cube CASA Medium Dataset Benchmark Frontera,CLOSED,Kitchi Jan-Willem,,2026-07-30T15:49:31Z,2026-07-30T15:49:31Z,casangi/RADPS-roadmap#120,https://github.com/casangi/RADPS/issues/90
Imaging,Done,Issue,casangi/RADPS,93,Single Field Cube Medium Benchmark Multi Cycle Frontera,CLOSED,Jan-Willem,,2026-07-31T14:17:47Z,2026-07-31T14:17:08Z,casangi/RADPS-roadmap#120,https://github.com/casangi/RADPS/issues/93
Imaging,Done,Issue,casangi/RADPS-roadmap,120,Benchmark Single Field Cube Imaging,CLOSED,Kitchi Jan-Willem,Imaging,2026-08-19T09:19:42Z,2026-08-19T09:19:42Z,,https://github.com/casangi/RADPS-roadmap/issues/120
Imaging,Done,Issue,casangi/RADPS-roadmap,126,Epic: Cross-check on iteration control after benchmark related refactoring.,CLOSED,Kitchi,Imaging,2026-09-29T10:47:54Z,2026-09-29T10:47:54Z,,https://github.com/casangi/RADPS-roadmap/issues/126
Imaging,Done,Issue,casangi/RADPS-roadmap,160,Imaging Team Review of AstroVIPER Pull Request 237,CLOSED,Kitchi kgolap taktsutsumi,,2026-07-22T17:15:41Z,2026-07-22T17:15:41Z,,https://github.com/casangi/RADPS-roadmap/issues/160
Imaging,Done,Issue,casangi/RADPS-roadmap,165,Decide on Unit and component test data,CLOSED,hmuellergoe,,2026-08-06T21:38:27Z,2026-08-03T19:47:10Z,casangi/RADPS-roadmap#39,https://github.com/casangi/RADPS-roadmap/issues/165
Imaging,Done,Issue,casangi/RADPS-roadmap,196,check primary beam implementation,CLOSED,hmuellergoe,,2026-08-06T21:35:53Z,2026-08-06T21:35:53Z,casangi/RADPS-roadmap#39,https://github.com/casangi/RADPS-roadmap/issues/196
Imaging,Done,Issue,casangi/RADPS-roadmap,37,Epic:  Heterogeneous deployment,CLOSED,Jan-Willem,Deployment Patterns,2026-09-10T21:29:22Z,2026-09-10T21:29:22Z,,https://github.com/casangi/RADPS-roadmap/issues/37
Imaging,Done,Issue,casangi/RADPS-roadmap,58,Epic:  AstroVIPER imaging maintenance,CLOSED,Kitchi kgolap taktsutsumi,Imaging,2026-09-08T21:30:05Z,2026-09-08T21:30:05Z,,https://github.com/casangi/RADPS-roadmap/issues/58
Imaging,Done,Issue,casangi/astroviper,183,Achieve Reasonable Compute and Memory Performance for Single Field Imaging,CLOSED,Jan-Willem,MS3.1: Single Field,2026-07-30T00:01:56Z,2026-07-30T00:01:56Z,casangi/RADPS-roadmap#120,https://github.com/casangi/astroviper/issues/183
Imaging,Done,Issue,casangi/astroviper,229,make_mask.ipynb failing CI,CLOSED,,,2026-08-26T11:27:40Z,2026-08-26T11:27:40Z,,https://github.com/casangi/astroviper/issues/229
Imaging,Done,Issue,casangi/astroviper,242,Run isolated scaling test on Fronterra,CLOSED,Jan-Willem,,2026-06-30T15:33:17Z,2026-06-30T15:33:17Z,casangi/RADPS-roadmap#120,https://github.com/casangi/astroviper/issues/242
Imaging,Done,Issue,casangi/astroviper,243,Initial implementation of simple (nterms=0) continuum imaging,CLOSED,hmuellergoe,,2026-08-04T13:03:38Z,2026-08-04T13:03:38Z,casangi/RADPS-roadmap#39,https://github.com/casangi/astroviper/issues/243
Imaging,Done,Issue,casangi/astroviper,244,Initial Performance optimization for simple (nterms=0) continuum imaging,CLOSED,hmuellergoe,,2026-09-24T16:32:37Z,2026-09-24T16:32:37Z,casangi/RADPS-roadmap#39,https://github.com/casangi/astroviper/issues/244
Imaging,Done,Issue,casangi/astroviper,248,Distributed application graph implementation with sleeps and visualization,CLOSED,hmuellergoe,,2026-07-30T16:50:05Z,2026-07-30T16:50:05Z,casangi/astroviper#243,https://github.com/casangi/astroviper/issues/248
Imaging,Done,Issue,casangi/astroviper,249,Connect full iteration control and multi residual-model cycles,CLOSED,hmuellergoe,,2026-08-03T21:58:39Z,2026-08-03T21:58:39Z,casangi/astroviper#243,https://github.com/casangi/astroviper/issues/249
Imaging,Done,Issue,casangi/astroviper,250,Create node tasks (add IO to processing_functions),CLOSED,Kitchi taktsutsumi hmuellergoe,,2026-08-03T22:08:39Z,2026-08-03T22:08:39Z,casangi/astroviper#243,https://github.com/casangi/astroviper/issues/250
Imaging,Done,Issue,casangi/astroviper,251,Add node tasks to the graph and demonstrate a single residual-model cycle,CLOSED,hmuellergoe,,2026-08-03T15:58:01Z,2026-07-30T17:05:16Z,casangi/astroviper#243,https://github.com/casangi/astroviper/issues/251
Imaging,Done,Issue,casangi/astroviper,252,Add a visibility weighting graph,CLOSED,hmuellergoe,,2026-07-30T17:04:55Z,2026-07-30T17:04:55Z,casangi/RADPS-roadmap#39,https://github.com/casangi/astroviper/issues/252
Imaging,Done,Issue,casangi/astroviper,265,Experiment with porting SIRIUS Simulator to AstroVIPER,CLOSED,Jan-Willem,,2026-09-29T10:47:52Z,2026-09-29T10:47:52Z,casangi/RADPS-roadmap#21,https://github.com/casangi/astroviper/issues/265
Imaging,Done,Issue,casangi/astroviper,270,Align PSF beam fitting and sidelobe estimation with CASA,CLOSED,hmuellergoe,Epic,2026-09-28T22:57:47Z,2026-09-28T22:57:47Z,,https://github.com/casangi/astroviper/issues/270
Imaging,Done,Issue,casangi/astroviper,271,Add stability checks for long Högbom CLEAN cycles,CLOSED,hmuellergoe,Epic,2026-09-29T21:03:58Z,2026-09-29T21:03:58Z,,https://github.com/casangi/astroviper/issues/271
Imaging,Done,Issue,casangi/astroviper,272,Refactor cube degridding around a shared low-level primitive,CLOSED,hmuellergoe,Epic,2026-09-22T21:51:41Z,2026-09-22T21:51:41Z,,https://github.com/casangi/astroviper/issues/272
Imaging,Done,Issue,casangi/astroviper,273,Ensure model grids are contiguous before degridding,CLOSED,hmuellergoe,Epic,2026-09-29T19:59:29Z,2026-09-29T19:59:29Z,,https://github.com/casangi/astroviper/issues/273
Imaging,Done,Issue,casangi/graphviper,64,Create Append,CLOSED,Jan-Willem,,2026-07-16T16:27:41Z,2026-07-16T14:21:50Z,casangi/astroviper#243,https://github.com/casangi/graphviper/issues/64
Imaging,Done,Issue,casangi/radps-alma-pdr,50,Write initial draft of report,CLOSED,Jan-Willem,,2026-09-03T17:06:39Z,2026-09-03T17:06:39Z,casangi/radps-alma-pdr#8,https://github.com/casangi/radps-alma-pdr/issues/50
Imaging,Done,Issue,casangi/radps-alma-pdr,51,Initial draft reviewed by Krishna and Amanda,CLOSED,Kitchi aakepley,,2026-09-14T19:13:57Z,2026-09-14T19:13:42Z,casangi/radps-alma-pdr#8,https://github.com/casangi/radps-alma-pdr/issues/51
Imaging,Done,Issue,casangi/radps-alma-pdr,52,Draft revised based on comments from Krishna and Amanda,CLOSED,,,2026-09-14T19:15:00Z,2026-09-14T19:15:00Z,casangi/radps-alma-pdr#8,https://github.com/casangi/radps-alma-pdr/issues/52
Imaging,Done,Issue,casangi/radps-alma-pdr,53,Draft reviewed by TACC,CLOSED,Jan-Willem,,2026-09-22T17:13:32Z,2026-09-22T17:13:32Z,casangi/radps-alma-pdr#8,https://github.com/casangi/radps-alma-pdr/issues/53
Imaging,Done,Issue,casangi/radps-alma-pdr,54,Draft revised based on TACC comments,CLOSED,,,2026-09-28T22:57:07Z,2026-09-28T22:57:07Z,casangi/radps-alma-pdr#8,https://github.com/casangi/radps-alma-pdr/issues/54
Imaging,Done,Issue,casangi/radps-alma-pdr,55,Draft reviewed by Imaging Team,CLOSED,,,2026-09-28T22:57:23Z,2026-09-28T22:57:23Z,casangi/radps-alma-pdr#8,https://github.com/casangi/radps-alma-pdr/issues/55
Imaging,Done,Issue,casangi/radps-alma-pdr,56,Draft revised based on Imaging Team comments,CLOSED,,,2026-09-28T22:57:41Z,2026-09-28T22:57:41Z,casangi/radps-alma-pdr#8,https://github.com/casangi/radps-alma-pdr/issues/56
Imaging,Done,Issue,casangi/radps-alma-pdr,57,final revision and proofread,CLOSED,,,2026-09-28T22:58:06Z,2026-09-28T22:58:06Z,casangi/radps-alma-pdr#8,https://github.com/casangi/radps-alma-pdr/issues/57
Imaging,Done,Issue,casangi/radps-alma-pdr,8,IF Performance Testing Report,CLOSED,Kitchi Jan-Willem,,2026-09-28T22:58:12Z,2026-09-28T22:58:12Z,casangi/RADPS-roadmap#80,https://github.com/casangi/radps-alma-pdr/issues/8
Imaging,In progress,Issue,casangi/RADPS-roadmap,194,Continuum Imaging Validation,OPEN,hmuellergoe,,2026-08-10T14:41:59Z,,casangi/RADPS-roadmap#39,https://github.com/casangi/RADPS-roadmap/issues/194
Imaging,In progress,Issue,casangi/RADPS-roadmap,39,Epic:  simple (nterms=0) continuum imaging,OPEN,,Imaging; Algorithms,2026-08-31T16:06:25Z,,,https://github.com/casangi/RADPS-roadmap/issues/39
Imaging,In progress,Issue,casangi/astroviper,254,enable mvc option (standard gridder only),CLOSED,hmuellergoe,,2026-08-06T21:36:09Z,2026-08-06T21:36:09Z,casangi/RADPS-roadmap#194,https://github.com/casangi/astroviper/issues/254
Imaging,In progress,Issue,casangi/astroviper,255,validate that mvc is working properly,CLOSED,hmuellergoe,,2026-08-06T21:36:21Z,2026-08-06T21:36:21Z,casangi/RADPS-roadmap#194,https://github.com/casangi/astroviper/issues/255
Imaging,In progress,Issue,casangi/astroviper,256,validate mfs is working correctly,CLOSED,hmuellergoe,,2026-08-06T21:36:31Z,2026-08-06T21:36:31Z,casangi/RADPS-roadmap#194,https://github.com/casangi/astroviper/issues/256
Imaging,In progress,Issue,casangi/astroviper,257,identify and obtain appropriate test data sets for continuum validation,CLOSED,aakepley,,2026-08-18T17:04:19Z,2026-08-18T17:04:19Z,casangi/RADPS-roadmap#194,https://github.com/casangi/astroviper/issues/257
Imaging,In progress,Issue,casangi/astroviper,258,test 8 permutations and compare resulting image properties,CLOSED,hmuellergoe,,2026-08-26T16:25:22Z,2026-08-26T16:25:22Z,casangi/RADPS-roadmap#194,https://github.com/casangi/astroviper/issues/258
Imaging,In progress,Issue,casangi/astroviper,259,decide on one path through the algorithm,CLOSED,hmuellergoe,,2026-09-24T15:33:55Z,2026-09-24T15:33:54Z,casangi/RADPS-roadmap#194,https://github.com/casangi/astroviper/issues/259
Imaging,In progress,Issue,casangi/xradio,608,Review definition UVW Coordinates,OPEN,Jan-Willem,documentation,2026-08-29T15:22:29Z,,,https://github.com/casangi/xradio/issues/608
Infrastructure,Done,Issue,casangi/RADPS-roadmap,146,Epic:  Central Dashboard,CLOSED,smcastro,Testing,2026-07-03T10:55:35Z,2026-07-03T10:55:35Z,,https://github.com/casangi/RADPS-roadmap/issues/146
Infrastructure,Done,Issue,casangi/RADPS-roadmap,161,Infrastructure Team Review of AstroVIPER Pull Request 237,CLOSED,,,2026-07-27T15:00:17Z,2026-07-27T15:00:17Z,,https://github.com/casangi/RADPS-roadmap/issues/161
Infrastructure,Done,Issue,casangi/RADPS-roadmap,185,Bug: Colab notebooks often fail to due to import issues even though notebooks pass tests on github,CLOSED,FedeMPouzols,,2026-08-22T04:48:18Z,2026-08-22T04:48:18Z,,https://github.com/casangi/RADPS-roadmap/issues/185
Infrastructure,Done,Issue,casangi/RADPS-roadmap,200,Epic: Fix license configuration in VIPER components,CLOSED,Jan-Willem awells-nrao,,2026-08-10T17:21:41Z,2026-08-10T17:21:41Z,,https://github.com/casangi/RADPS-roadmap/issues/200
Infrastructure,Done,Issue,casangi/astroviper,268,"single field cube imaging links to feather tutorial, not single field cube.",CLOSED,smcastro,,2026-09-07T15:29:49Z,2026-09-07T15:29:49Z,,https://github.com/casangi/astroviper/issues/268
Infrastructure,Done,Issue,casangi/benchviper,23,Create the necessary license files for benchviper repo,CLOSED,awells-nrao,,2026-08-10T16:19:41Z,2026-08-10T16:19:41Z,casangi/RADPS-roadmap#200,https://github.com/casangi/benchviper/issues/23
Infrastructure,Done,Issue,casangi/benchviper,26,Build and test astroviper with asv false positive due to missing gcc 14,CLOSED,awells-nrao,,2026-09-08T17:28:35Z,2026-09-08T17:28:35Z,,https://github.com/casangi/benchviper/issues/26
Infrastructure,Done,Issue,casangi/benchviper,29,Modify yaml actions to run on benchviper branches,CLOSED,awells-nrao smcastro,,2026-09-23T15:50:50Z,2026-09-23T15:50:50Z,,https://github.com/casangi/benchviper/issues/29
Infrastructure,Done,Issue,casangi/benchviper,31,benchmarks/fft_ifft.py fails with new astroviper updates,CLOSED,smcastro,bug,2026-09-23T15:56:45Z,2026-09-23T15:56:45Z,,https://github.com/casangi/benchviper/issues/31
Infrastructure,Done,Issue,casangi/benchviper,32,Modify benchmarking workflow to use dispatch to execute benchmarks per commit instead of commit range,CLOSED,awells-nrao smcastro,bug; enhancement,2026-09-24T13:47:26Z,2026-09-24T13:47:26Z,,https://github.com/casangi/benchviper/issues/32
Infrastructure,Done,Issue,casangi/flowviper,6,Update simple imaging workflow for astroviper API changes,CLOSED,smcastro taktsutsumi,,2026-08-12T20:19:12Z,2026-08-12T20:19:12Z,casangi/RADPS-roadmap#109,https://github.com/casangi/flowviper/issues/6
Infrastructure,Done,Issue,casangi/flowviper,8,Create the necessary license files for flowviper  repo,CLOSED,awells-nrao,,2026-08-10T16:26:10Z,2026-08-10T16:26:10Z,casangi/RADPS-roadmap#200,https://github.com/casangi/flowviper/issues/8
Infrastructure,Done,Issue,casangi/pyasdm,29,Pointing table (and other ~15 tables): `getByContext()` doesn't return anything,CLOSED,bgarwood,bug,2026-07-29T08:33:24Z,2026-07-29T08:33:24Z,,https://github.com/casangi/pyasdm/issues/29
Infrastructure,Done,Issue,casangi/pyasdm,32,Create a PR to merge the pyasdm template code to the almasw main branch,CLOSED,,,2026-08-04T19:12:28Z,2026-08-04T19:11:41Z,,https://github.com/casangi/pyasdm/issues/32
Infrastructure,Done,Issue,casangi/pyasdm,34,Make the uniqueness check when a table is open optional,CLOSED,bgarwood,,2026-08-20T20:21:00Z,2026-08-20T20:21:00Z,casangi/pyasdm#30,https://github.com/casangi/pyasdm/issues/34
Infrastructure,Done,Issue,casangi/pyasdm,35,Investigate use of lists of rows to satisfy context and key selection,CLOSED,bgarwood,,2026-09-03T14:48:02Z,2026-09-03T14:48:02Z,casangi/pyasdm#30,https://github.com/casangi/pyasdm/issues/35
Infrastructure,Done,Issue,casangi/pyasdm,36,Investigate loading only where each row starts for a binary table,CLOSED,bgarwood,,2026-09-09T18:59:34Z,2026-09-09T18:59:34Z,casangi/pyasdm#30,https://github.com/casangi/pyasdm/issues/36
Infrastructure,Done,Issue,casangi/pyasdm,41,Investigate and fix issues seen when running benchmarks during issue #34 testing,CLOSED,bgarwood,,2026-08-26T14:08:35Z,2026-08-26T14:08:35Z,casangi/pyasdm#30,https://github.com/casangi/pyasdm/issues/41
Infrastructure,Done,Issue,casangi/pyasdm,43,Modify workflow to publish builds to pypi,CLOSED,bgarwood Jan-Willem,,2026-09-22T16:47:30Z,2026-09-22T16:47:30Z,,https://github.com/casangi/pyasdm/issues/43
Infrastructure,Done,Issue,casangi/pyasdm,44,Create pyasdm first release,CLOSED,Jan-Willem,,2026-09-22T15:20:16Z,2026-09-22T15:20:16Z,,https://github.com/casangi/pyasdm/issues/44
Infrastructure,Done,Issue,casangi/radps-alma-pdr,17,Compile list of evaluation criteria for branching structure,CLOSED,Jan-Willem smcastro vsuorant,,2026-07-27T14:57:08Z,2026-07-27T14:57:08Z,casangi/radps-alma-pdr#2,https://github.com/casangi/radps-alma-pdr/issues/17
Infrastructure,Done,Issue,casangi/radps-alma-pdr,2,Epic: QA Plan for PDR,CLOSED,Jan-Willem awells-nrao smcastro vsuorant,,2026-09-28T23:00:15Z,2026-09-28T23:00:15Z,casangi/RADPS-roadmap#80,https://github.com/casangi/radps-alma-pdr/issues/2
Infrastructure,Done,Issue,casangi/radps-alma-pdr,20,Hold meeting to discuss and decide on deployment model,CLOSED,sspitale,,2026-07-27T14:58:41Z,2026-07-27T14:58:41Z,casangi/radps-alma-pdr#2,https://github.com/casangi/radps-alma-pdr/issues/20
Infrastructure,Done,Issue,casangi/radps-alma-pdr,21,update document to reflect slurm as the feasible path forward for RADPS-ALMA,CLOSED,smcastro vsuorant,,2026-07-20T12:08:17Z,2026-07-09T06:58:00Z,casangi/radps-alma-pdr#2,https://github.com/casangi/radps-alma-pdr/issues/21
Infrastructure,Done,Issue,casangi/radps-alma-pdr,23,Determine how RADPS-ALMA aligns with the single CI/CD Plan,CLOSED,Jan-Willem smcastro vsuorant,,2026-07-17T19:33:51Z,2026-07-08T13:58:46Z,casangi/radps-alma-pdr#2,https://github.com/casangi/radps-alma-pdr/issues/23
Infrastructure,Done,Issue,casangi/radps-alma-pdr,24,Definition of a Deployment Model for RADPS,CLOSED,,,2026-09-28T23:00:01Z,2026-09-28T23:00:01Z,casangi/radps-alma-pdr#2,https://github.com/casangi/radps-alma-pdr/issues/24
Infrastructure,Done,Issue,casangi/radps-alma-pdr,25,Feedback on Quality Assurance Plan for RADPS-ALMA,CLOSED,,,2026-09-28T22:59:46Z,2026-09-28T22:59:46Z,casangi/radps-alma-pdr#2,https://github.com/casangi/radps-alma-pdr/issues/25
Infrastructure,Done,Issue,casangi/radps-alma-pdr,58,Final edit pass on QA Plan Document,CLOSED,smcastro,,2026-09-14T11:35:02Z,2026-09-14T11:35:02Z,casangi/radps-alma-pdr#2,https://github.com/casangi/radps-alma-pdr/issues/58
Infrastructure,Done,Issue,casangi/testviper,50,Add link to github insights page,CLOSED,smcastro,,2026-07-07T07:36:18Z,2026-07-02T18:23:10Z,casangi/RADPS-roadmap#146,https://github.com/casangi/testviper/issues/50
Infrastructure,Done,Issue,casangi/testviper,55,Astroviper fails to build in testviper,CLOSED,awells-nrao,,2026-08-04T18:11:11Z,2026-08-04T18:11:11Z,,https://github.com/casangi/testviper/issues/55
Infrastructure,Done,Issue,casangi/toolviper,52,Intermittent Failures of Tests,CLOSED,FedeMPouzols Jan-Willem enrique-alma-eso,enhancement,2026-09-29T14:07:10Z,2026-09-29T14:07:10Z,,https://github.com/casangi/toolviper/issues/52
Infrastructure,Done,Issue,casangi/toolviper,57,Update ToolVIPER to use ruff instead of black,CLOSED,Jan-Willem,enhancement,2026-08-24T00:57:36Z,2026-08-24T00:57:36Z,,https://github.com/casangi/toolviper/issues/57
Infrastructure,Done,Issue,casangi/toolviper,60,Fix inconsistent dependency on ipython in toolviper,CLOSED,jrhosk smcastro,bug,2026-09-01T00:14:56Z,2026-09-01T00:14:56Z,,https://github.com/casangi/toolviper/issues/60
Infrastructure,Done,Issue,casangi/xradio,589,Add pointing secondary dataset to ASDM backend,CLOSED,FedeMPouzols,enhancement,2026-07-28T14:23:54Z,2026-07-28T14:23:54Z,casangi/RADPS-roadmap#139,https://github.com/casangi/xradio/issues/589
Infrastructure,Done,Issue,casangi/xradio,590,Document and consolidate performance of ASDM backend (compared against Zarr),CLOSED,FedeMPouzols,documentation; enhancement,2026-08-18T17:13:02Z,2026-08-18T17:13:02Z,casangi/RADPS-roadmap#139,https://github.com/casangi/xradio/issues/590
Infrastructure,Done,Issue,casangi/xradio,593,Explore options to schedule dask delay,CLOSED,FedeMPouzols cquike,,2026-07-28T13:54:57Z,2026-07-28T13:53:29Z,casangi/xradio#577,https://github.com/casangi/xradio/issues/593
Infrastructure,In progress,Issue,casangi/RADPS-roadmap,139,Epic: ASDM backend improvements,OPEN,FedeMPouzols,Data Schemas,2026-08-18T17:45:45Z,,,https://github.com/casangi/RADPS-roadmap/issues/139
Infrastructure,Won't Do,Issue,casangi/RADPS-roadmap,113,Define a deployment model for RADPS,CLOSED,vsuorant,Deployment Patterns,2026-06-29T15:39:38Z,2026-06-29T15:39:38Z,casangi/RADPS-roadmap#111,https://github.com/casangi/RADPS-roadmap/issues/113
Infrastructure,Won't Do,Issue,casangi/RADPS-roadmap,81,Epic:  Development and Deployment Plan,CLOSED,,Deployment Patterns,2026-06-29T15:37:27Z,2026-06-29T15:36:04Z,,https://github.com/casangi/RADPS-roadmap/issues/81
Management,Backlog,Issue,casangi/radps-alma-pdr,15,Configured Items Data List,OPEN,sspitale,,2026-07-17T19:26:33Z,,casangi/RADPS-roadmap#80,https://github.com/casangi/radps-alma-pdr/issues/15
Management,Backlog,Issue,casangi/radpsdocs,30,Submit memo to library,OPEN,aakepley,,2026-04-27T20:54:53Z,,casangi/radpsdocs#25,https://github.com/casangi/radpsdocs/issues/30
Management,Done,Issue,casangi/RADPS-roadmap,77,Epic: RADPS-ALMA Organization,CLOSED,sspitale,,2026-09-28T23:04:28Z,2026-09-28T23:04:28Z,,https://github.com/casangi/RADPS-roadmap/issues/77
Management,Done,Issue,casangi/RADPS-roadmap,78,Epic:  Planning for Future Reviews,CLOSED,sspitale,,2026-09-28T23:04:24Z,2026-09-28T23:04:24Z,,https://github.com/casangi/RADPS-roadmap/issues/78
Management,Done,Issue,casangi/radps-alma-pdr,10,SD Performance Testing Report,CLOSED,renaudmiel,,2026-09-28T23:04:38Z,2026-09-28T23:04:38Z,casangi/RADPS-roadmap#80,https://github.com/casangi/radps-alma-pdr/issues/10
Management,Done,Issue,casangi/radps-alma-pdr,40,Identify stakeholders who needs to be consulted about this document,CLOSED,aakepley,,2026-08-12T21:29:19Z,2026-08-11T18:33:03Z,casangi/radps-alma-pdr#12,https://github.com/casangi/radps-alma-pdr/issues/40
Management,Done,Issue,casangi/radps-alma-pdr,42,Write rough draft of DDP ,CLOSED,,,2026-08-28T20:27:39Z,2026-08-28T20:27:39Z,casangi/radps-alma-pdr#12,https://github.com/casangi/radps-alma-pdr/issues/42
Management,Done,Issue,casangi/radps-alma-pdr,43,Get feedback on rough draft,CLOSED,,,2026-09-07T14:43:52Z,2026-09-07T14:43:52Z,casangi/radps-alma-pdr#12,https://github.com/casangi/radps-alma-pdr/issues/43
Management,Done,Issue,casangi/radps-alma-pdr,44,Revise draft to incorporate feedback,CLOSED,,,2026-09-22T16:30:09Z,2026-09-22T16:30:09Z,casangi/radps-alma-pdr#12,https://github.com/casangi/radps-alma-pdr/issues/44
Management,Done,Issue,casangi/radps-alma-pdr,6,Preliminary Design Report,CLOSED,whiteheaddmark,,2026-09-28T23:04:45Z,2026-09-28T23:04:45Z,casangi/RADPS-roadmap#80,https://github.com/casangi/radps-alma-pdr/issues/6
Management,Done,Issue,casangi/radps-alma-pdr,65,Re-organize content in QA Plan and Development and Deployment Plan,CLOSED,aakepley smcastro,,2026-09-22T16:29:37Z,2026-09-22T16:29:37Z,,https://github.com/casangi/radps-alma-pdr/issues/65
Management,In progress,Issue,casangi/RADPS-roadmap,79,Epic:  RADPS-ALMA Implementation Roadmap,OPEN,aakepley,,2026-06-23T20:38:37Z,,,https://github.com/casangi/RADPS-roadmap/issues/79
Management,In progress,Issue,casangi/RADPS-roadmap,80,Epic:  Generate RADPS-ALMA PDR Documentation,OPEN,sspitale,,2026-09-10T21:12:29Z,,,https://github.com/casangi/RADPS-roadmap/issues/80
Management,In progress,Issue,casangi/radps-alma-pdr,1,Preliminary Project Management Plan,OPEN,sspitale,,2026-07-20T14:18:39Z,,casangi/RADPS-roadmap#80,https://github.com/casangi/radps-alma-pdr/issues/1
Management,In progress,Issue,casangi/radps-alma-pdr,11,Technology Demonstrator Code,OPEN,Jan-Willem renaudmiel,,2026-07-17T19:20:23Z,,casangi/RADPS-roadmap#80,https://github.com/casangi/radps-alma-pdr/issues/11
Management,In progress,Issue,casangi/radps-alma-pdr,12,Development and Deployment Plan,OPEN,aakepley,,2026-07-23T21:01:12Z,,casangi/RADPS-roadmap#80,https://github.com/casangi/radps-alma-pdr/issues/12
Management,In progress,Issue,casangi/radps-alma-pdr,14,Risk Register,OPEN,sspitale,,2026-07-27T21:11:16Z,,casangi/RADPS-roadmap#80,https://github.com/casangi/radps-alma-pdr/issues/14
Management,In progress,Issue,casangi/radpsdocs,25,Initiate RADPS memo series,OPEN,aakepley,Memo Series,2026-04-28T17:21:14Z,,casangi/RADPS-roadmap#25,https://github.com/casangi/radpsdocs/issues/25
Management,Won't Do,Issue,casangi/RADPS-roadmap,7,Epic: Walking Skeleton 2.0,OPEN,,Data Processing Workflows; Descope?,2026-07-01T20:08:41Z,,,https://github.com/casangi/RADPS-roadmap/issues/7
Management,Won't Do,Issue,casangi/radps-alma-pdr,3,Introduction to Document Package,OPEN,aakepley sspitale,,2026-07-17T18:58:33Z,,casangi/RADPS-roadmap#80,https://github.com/casangi/radps-alma-pdr/issues/3
Pipeline,Done,Issue,casangi/RADPS-roadmap,115,Epic: Requirements Analysis and Use Cases for Context,CLOSED,krlberry sbooth-nrao,Data Processing Workflows,2026-09-28T16:54:04Z,2026-09-28T16:54:04Z,,https://github.com/casangi/RADPS-roadmap/issues/115
Pipeline,Done,Issue,casangi/radps-context,14,Flesh out identified use cases,CLOSED,krlberry sbooth-nrao,,2026-09-24T20:06:22Z,2026-09-24T20:06:22Z,casangi/RADPS-roadmap#115,https://github.com/casangi/radps-context/issues/14
Pipeline,Done,Issue,casangi/radps-context,22,Current context supplementary appendix is missing information for several use cases,CLOSED,sbooth-nrao,,2026-09-24T20:12:46Z,2026-09-24T20:12:46Z,,https://github.com/casangi/radps-context/issues/22
Single Dish,Done,Issue,casangi/astroviper,187,Implement function to do direction frame conversion,CLOSED,imuzychenko,Single Dish; Fundamental Core Function,2026-07-02T14:10:05Z,2026-07-02T14:10:05Z,casangi/astroviper#124,https://github.com/casangi/astroviper/issues/187
Single Dish,Done,Issue,casangi/astroviper,227,Single-dish cube imaging benchmarking at TACC,CLOSED,Jan-Willem,,2026-09-10T15:56:30Z,2026-09-10T15:56:30Z,casangi/RADPS-roadmap#71,https://github.com/casangi/astroviper/issues/227
Single Dish,In progress,Issue,casangi/RADPS-roadmap,66,Epic:  TP analysis and walking skeleton,OPEN,,Data Processing Workflows; Single Dish,2026-04-21T19:40:12Z,,,https://github.com/casangi/RADPS-roadmap/issues/66
Single Dish,In progress,Issue,casangi/RADPS-roadmap,71,Epic:  Single Dish Imaging Performance Testing,OPEN,,Performance; Single Dish,2026-04-21T19:57:56Z,,,https://github.com/casangi/RADPS-roadmap/issues/71
Single Dish,In progress,Issue,casangi/RADPS-roadmap,75,Epic:  SD Technology Demonstrator Code,OPEN,,Single Dish,2026-04-21T20:30:43Z,,,https://github.com/casangi/RADPS-roadmap/issues/75
Single Dish,In progress,Issue,casangi/graphviper,59,Create Single-Dish Workflow Skeleton,OPEN,jrhosk,,2026-08-20T23:48:35Z,,casangi/RADPS-roadmap#66,https://github.com/casangi/graphviper/issues/59
Single Dish,Won't Do,Issue,casangi/astroviper,240,run SD benchmark testing on TACC,CLOSED,,,2026-06-30T13:55:43Z,2026-06-30T13:55:42Z,,https://github.com/casangi/astroviper/issues/240
,Backlog,Issue,casangi/astroviper,135,support of cube imaging with simple 1:1 mapping of spectral and image channels,OPEN,renaudmiel,Single Dish,2025-11-13T07:12:28Z,,casangi/astroviper#124,https://github.com/casangi/astroviper/issues/135
,Backlog,Issue,casangi/astroviper,214,direction mapping from celestial coordinate to image pixel coordinate (including projection),OPEN,,,2026-08-05T06:11:18Z,,casangi/astroviper#124,https://github.com/casangi/astroviper/issues/214
,In progress,Issue,casangi/astroviper,124,Advanced single-dish cube imaging,OPEN,,Single Dish,2026-03-18T04:40:05Z,,casangi/RADPS-roadmap#75,https://github.com/casangi/astroviper/issues/124
